Start,End
0.0,39.375
39.416666666666664,42.791666666666664
42.791666666666664,50.583333333333336
50.583333333333336,55.5
55.5,65.375
65.41666666666667,77.58333333333333
77.58333333333333,81.58333333333333
81.58333333333333,83.375
83.375,87.95833333333333
87.95833333333333,88.70833333333333
88.70833333333333,89.20833333333333
89.20833333333333,93.33333333333333
93.33333333333333,98.16666666666667
98.16666666666667,100.58333333333333
100.58333333333333,107.25
107.25,114.625
114.625,117.70833333333333
117.70833333333333,118.58333333333333
118.58333333333333,118.83333333333333
118.83333333333333,120.375
120.375,121.75
121.75,124.58333333333333
124.58333333333333,126.75
126.75,127.875
127.875,131.08333333333334
131.08333333333334,143.95833333333334
143.95833333333334,145.08333333333334
145.08333333333334,149.08333333333334
149.08333333333334,155.45833333333334
155.45833333333334,160.0
160.0,162.95833333333334
162.95833333333334,163.95833333333334
163.95833333333334,171.70833333333334
171.70833333333334,174.45833333333334
174.45833333333334,175.5
175.5,176.83333333333334
176.83333333333334,177.95833333333334
177.95833333333334,179.20833333333334
179.20833333333334,181.70833333333334
181.70833333333334,183.125
183.125,186.45833333333334
186.45833333333334,188.20833333333334
188.20833333333334,190.83333333333334
190.83333333333334,192.83333333333334
192.83333333333334,196.45833333333334
196.45833333333334,199.25
199.25,201.08333333333334
201.08333333333334,212.20833333333334
212.20833333333334,214.70833333333334
214.70833333333334,216.25
216.25,218.33333333333334
218.33333333333334,219.83333333333334
219.83333333333334,221.58333333333334
221.58333333333334,224.08333333333334
224.08333333333334,227.375
227.375,233.20833333333334
233.20833333333334,237.95833333333334
237.95833333333334,239.70833333333334
239.70833333333334,240.83333333333334
240.875,241.20833333333334
241.20833333333334,243.33333333333334
243.33333333333334,249.95833333333334
249.95833333333334,251.08333333333334
251.125,251.58333333333334
251.58333333333334,251.70833333333334
251.70833333333334,253.375
253.375,256.7083333333333
256.7083333333333,258.2083333333333
258.2083333333333,259.9583333333333
259.9583333333333,260.3333333333333
260.3333333333333,263.0833333333333
263.0833333333333,266.4583333333333
266.4583333333333,276.875
276.875,279.7083333333333
279.7083333333333,285.3333333333333
285.3333333333333,288.4583333333333
288.4583333333333,298.0833333333333
298.0833333333333,301.25
301.25,308.0833333333333
308.0833333333333,309.3333333333333
309.3333333333333,310.4583333333333
310.4583333333333,314.4583333333333
314.4583333333333,316.0833333333333
316.0833333333333,323.125
323.125,326.25
326.25,330.875
330.875,333.75
333.75,335.25
335.25,339.8333333333333
339.8333333333333,341.375
341.375,344.7083333333333
344.7083333333333,348.0833333333333
348.0833333333333,356.0
356.0,357.7083333333333
357.7083333333333,367.7083333333333
367.7083333333333,376.0833333333333
376.0833333333333,378.625
378.625,381.3333333333333
381.3333333333333,384.0
384.0,387.4583333333333
387.4583333333333,390.9583333333333
390.9583333333333,394.875
394.875,397.5833333333333
397.5833333333333,409.25
409.25,412.125
412.125,413.8333333333333
413.8333333333333,427.3333333333333
427.3333333333333,429.0833333333333
429.0833333333333,434.4583333333333
434.4583333333333,436.0
436.0,437.125
437.125,447.4583333333333
447.4583333333333,449.5
449.5,452.2083333333333
452.2083333333333,454.4583333333333
454.4583333333333,477.2083333333333
477.2083333333333,505.7083333333333
505.7083333333333,516.3333333333334
516.3333333333334,523.75
523.75,525.8333333333334
525.8333333333334,527.125
527.125,528.25
528.25,536.8333333333334
536.8333333333334,537.9583333333334
537.9583333333334,540.0
540.0,546.0833333333334
546.0833333333334,549.2083333333334
549.2083333333334,551.875
551.875,553.125
553.125,554.2083333333334
554.2083333333334,555.375
555.375,559.5
559.5,561.3333333333334
561.3333333333334,563.5833333333334
563.5833333333334,565.7083333333334
565.7083333333334,567.375
567.375,568.5833333333334
568.5833333333334,569.5833333333334
569.5833333333334,572.0
572.0,576.0833333333334
576.0833333333334,589.5
589.5,590.4583333333334
590.4583333333334,591.4583333333334
591.4583333333334,592.4583333333334
592.4583333333334,603.0
603.0,613.125
613.125,615.7083333333334
615.7083333333334,617.375
617.375,623.0833333333334
623.0833333333334,625.25
625.25,630.2083333333334
630.2083333333334,635.0833333333334
635.0833333333334,641.0833333333334
641.0833333333334,644.3333333333334
644.3333333333334,647.4583333333334
647.4583333333334,651.3333333333334
651.3333333333334,656.9583333333334
656.9583333333334,663.5833333333334
663.5833333333334,673.4583333333334
673.4583333333334,679.625
679.625,685.0833333333334
685.0833333333334,688.0833333333334
688.0833333333334,694.7083333333334
694.7083333333334,698.0
698.0,702.7083333333334
702.7083333333334,706.0833333333334
706.0833333333334,707.7083333333334
707.7083333333334,710.7083333333334
710.7083333333334,712.8333333333334
712.8333333333334,713.375
713.375,714.875
714.875,715.875
715.875,718.0
718.0,722.3333333333334
722.3333333333334,734.2083333333334
734.2083333333334,734.9583333333334
734.9583333333334,735.8333333333334
735.8333333333334,737.125
737.125,741.5833333333334
741.5833333333334,747.4583333333334
747.4583333333334,750.8333333333334
750.8333333333334,754.75
754.75,762.0
762.0,769.875
769.875,771.0833333333334
771.0833333333334,773.0833333333334
773.0833333333334,775.0
775.0,781.5833333333334
781.5833333333334,790.9583333333334
790.9583333333334,793.2083333333334
793.2083333333334,811.8333333333334
811.8333333333334,813.5
813.5,836.125
836.125,838.2083333333334
838.2083333333334,853.9583333333334
853.9583333333334,855.5
855.5,862.5833333333334
862.5833333333334,864.7083333333334
864.7083333333334,878.4583333333334
878.4583333333334,880.75
880.75,892.0833333333334
892.0833333333334,893.5833333333334
893.5833333333334,918.0833333333334
918.0833333333334,921.375
921.375,927.9583333333334
927.9583333333334,930.0833333333334
930.0833333333334,936.5833333333334
936.5833333333334,938.5833333333334
938.5833333333334,940.625
940.625,955.9583333333334
955.9583333333334,959.9583333333334
959.9583333333334,962.8333333333334
962.8333333333334,968.625
968.625,971.125
971.125,972.375
972.375,974.8333333333334
974.8333333333334,978.3333333333334
978.3333333333334,981.8333333333334
981.8333333333334,983.75
983.75,989.2083333333334
989.2083333333334,1003.7083333333334
1003.7083333333334,1006.0833333333334
1006.0833333333334,1009.2083333333334
1009.2083333333334,1010.9583333333334
1010.9583333333334,1013.3333333333334
1013.3333333333334,1015.5
1015.5,1023.2083333333334
1023.2083333333334,1030.3333333333333
1030.3333333333333,1033.5833333333333
1033.5833333333333,1045.5
1045.5,1049.2083333333333
1049.2083333333333,1050.7083333333333
1050.7083333333333,1056.125
1056.125,1062.7083333333333
1062.7083333333333,1066.5833333333333
1066.5833333333333,1068.4583333333333
1068.4583333333333,1070.875
1070.875,1072.3333333333333
1072.3333333333333,1074.7083333333333
1074.7083333333333,1076.7083333333333
1076.7083333333333,1081.3333333333333
1081.3333333333333,1084.0416666666667
1084.0416666666667,1085.5833333333333
1085.5833333333333,1086.3333333333333
1086.3333333333333,1086.4583333333333
1086.4583333333333,1087.375
1087.375,1088.375
1088.375,1089.3333333333333
1089.3333333333333,1091.4583333333333
1091.4583333333333,1099.0833333333333
1099.0833333333333,1100.7083333333333
1100.7083333333333,1101.8333333333333
1101.8333333333333,1102.625
1102.625,1103.5833333333333
1103.5833333333333,1104.5833333333333
1104.5833333333333,1105.0833333333333
1105.0833333333333,1105.625
1105.625,1105.7083333333333
1105.7083333333333,1106.2083333333333
1106.2083333333333,1107.5833333333333
1107.5833333333333,1108.5
1108.5,1110.3333333333333
1110.3333333333333,1112.3333333333333
1112.3333333333333,1114.0
1114.0,1115.5833333333333
1115.5833333333333,1116.25
1116.25,1116.375
1116.375,1117.4583333333333
1117.4583333333333,1117.8333333333333
1117.8333333333333,1118.125
1118.125,1121.2083333333333
1121.2083333333333,1121.7083333333333
1121.75,1121.9583333333333
1121.9583333333333,1123.2083333333333
1123.2083333333333,1124.3333333333333
1124.3333333333333,1125.25
1125.25,1127.9583333333333
1128.0,1128.2083333333333
1128.2083333333333,1130.0833333333333
1130.0833333333333,1131.3333333333333
1131.3333333333333,1132.2083333333333
1132.2083333333333,1135.9583333333333
1135.9583333333333,1138.625
1138.625,1149.2083333333333
1149.2083333333333,1161.625
1161.625,1166.1666666666667
1166.1666666666667,1169.75
1169.75,1174.3333333333333
1174.3333333333333,1180.2083333333333
1180.2083333333333,1182.125
1182.125,1185.875
1185.875,1191.3333333333333
1191.3333333333333,1194.3333333333333
1194.3333333333333,1202.375
1202.375,1210.0833333333333
1210.0833333333333,1211.75
1211.75,1212.7916666666667
1212.7916666666667,1217.5
1217.5,1218.5833333333333
1218.5833333333333,1221.0833333333333
1221.0833333333333,1235.5833333333333
1235.5833333333333,1237.125
1237.125,1237.9583333333333
1237.9583333333333,1238.8333333333333
1238.8333333333333,1239.4583333333333
1239.4583333333333,1240.7083333333333
1240.7083333333333,1242.75
1242.75,1244.0
1244.0,1247.5416666666667
1247.5416666666667,1248.625
1248.625,1250.125
1250.125,1251.5833333333333
1251.5833333333333,1252.7083333333333
1252.7083333333333,1253.5833333333333
1253.5833333333333,1254.6666666666667
1254.6666666666667,1255.3333333333333
1255.3333333333333,1256.25
1256.25,1256.9583333333333
1256.9583333333333,1258.2083333333333
1258.2083333333333,1262.75
1262.75,1263.8333333333333
1263.8333333333333,1264.25
1264.25,1267.4583333333333
1267.4583333333333,1268.8333333333333
1268.8333333333333,1269.75
1269.75,1271.5
1271.5,1272.0833333333333
1272.0833333333333,1272.2083333333333
1272.25,1272.4583333333333
1272.4583333333333,1273.0833333333333
1273.0833333333333,1274.125
1274.125,1276.8333333333333
1276.8333333333333,1277.125
1277.125,1279.0833333333333
1279.0833333333333,1281.7083333333333
1281.7083333333333,1283.4583333333333
1283.4583333333333,1285.8333333333333
1285.8333333333333,1286.8333333333333
1286.8333333333333,1287.5833333333333
1287.5833333333333,1289.0833333333333
1289.0833333333333,1291.3333333333333
1291.3333333333333,1294.2083333333333
1294.2083333333333,1294.75
1294.75,1299.3333333333333
1299.3333333333333,1300.625
1300.625,1306.5
1306.5,1307.8333333333333
1307.8333333333333,1312.875
1312.875,1315.8333333333333
1315.8333333333333,1317.8333333333333
1317.8333333333333,1319.25
1319.25,1320.125
1320.125,1321.0833333333333
1321.0833333333333,1329.0833333333333
1329.0833333333333,1331.4583333333333
1331.4583333333333,1333.2083333333333
1333.2083333333333,1333.875
1333.875,1336.5833333333333
1336.5833333333333,1337.7083333333333
1337.7083333333333,1340.7083333333333
1340.7083333333333,1343.3333333333333
1343.3333333333333,1347.0
1347.0,1350.625
1350.625,1352.5
1352.5,1355.0
1355.0,1356.4583333333333
1356.4583333333333,1357.875
1357.875,1359.0833333333333
1359.0833333333333,1361.2083333333333
1361.2083333333333,1364.9583333333333
1364.9583333333333,1375.125
1375.125,1380.625
1380.625,1393.7083333333333
1393.7083333333333,1396.5
1396.5,1417.5
1417.5,1432.8333333333333
1432.8333333333333,1437.7083333333333
1437.7083333333333,1442.3333333333333
1442.3333333333333,1444.9583333333333
1444.9583333333333,1447.875
1447.875,1456.2083333333333
1456.2083333333333,1459.7083333333333
1459.7083333333333,1462.25
1462.25,1464.125
1464.125,1466.5
1466.5,1469.5833333333333
1469.5833333333333,1472.4583333333333
1472.4583333333333,1485.5833333333333
1485.5833333333333,1493.8333333333333
1493.8333333333333,1496.3333333333333
1496.3333333333333,1505.8333333333333
1505.8333333333333,1511.5833333333333
1511.5833333333333,1513.8333333333333
1513.8333333333333,1519.0833333333333
1519.0833333333333,1520.9583333333333
1520.9583333333333,1524.2083333333333
1524.2083333333333,1528.3333333333333
1528.3333333333333,1534.2083333333333
1534.2083333333333,1541.25
1541.25,1556.0
1556.0,1557.75
1557.75,1559.0
1559.0,1560.4583333333333
1560.4583333333333,1567.4583333333333
1567.4583333333333,1579.75
1579.75,1584.5
1584.5,1587.9583333333333
1587.9583333333333,1589.9583333333333
1589.9583333333333,1595.9583333333333
1595.9583333333333,1597.9583333333333
1597.9583333333333,1601.5833333333333
1601.5833333333333,1604.125
1604.125,1606.375
1606.375,1611.25
1611.25,1613.5833333333333
1613.5833333333333,1614.875
1614.875,1616.8333333333333
1616.8333333333333,1620.5
1620.5,1622.4583333333333
1622.4583333333333,1624.125
1624.125,1635.0833333333333
1635.0833333333333,1639.25
1639.25,1643.4583333333333
1643.4583333333333,1646.375
1646.375,1647.9583333333333
1647.9583333333333,1649.75
1649.75,1653.4583333333333
1653.4583333333333,1656.0833333333333
1656.0833333333333,1659.5833333333333
1659.5833333333333,1661.4583333333333
1661.4583333333333,1663.3333333333333
1663.3333333333333,1665.4583333333333
1665.4583333333333,1667.3333333333333
1667.3333333333333,1668.7083333333333
1668.7083333333333,1674.8333333333333
1674.8333333333333,1676.2083333333333
1676.2083333333333,1679.375
1679.375,1686.8333333333333
1686.8333333333333,1688.4583333333333
1688.4583333333333,1691.0833333333333
1691.0833333333333,1692.375
1692.375,1692.8333333333333
1692.875,1692.9583333333333
1692.9583333333333,1693.75
1693.75,1694.0
1694.0,1694.0833333333333
1694.0833333333333,1695.5833333333333
1695.5833333333333,1697.3333333333333
1697.3333333333333,1698.5833333333333
1698.5833333333333,1698.9583333333333
1698.9583333333333,1699.7083333333333
1699.7083333333333,1700.5833333333333
1700.5833333333333,1701.9583333333333
1701.9583333333333,1702.5
1702.5,1704.7083333333333
1704.7083333333333,1705.4583333333333
1705.4583333333333,1707.125
1707.125,1707.7083333333333
1707.7083333333333,1708.625
1708.625,1709.8333333333333
1709.8333333333333,1710.4583333333333
1710.4583333333333,1711.3333333333333
1711.3333333333333,1712.7083333333333
1712.7083333333333,1713.5833333333333
1713.5833333333333,1714.9583333333333
1714.9583333333333,1715.7083333333333
1715.7083333333333,1717.0
1717.0,1718.5833333333333
1718.5833333333333,1719.5833333333333
1719.5833333333333,1719.875
1719.875,1720.2083333333333
1720.2083333333333,1720.5
1720.5,1721.5833333333333
1721.5833333333333,1723.375
1723.375,1724.2083333333333
1724.2083333333333,1725.4583333333333
1725.4583333333333,1729.3333333333333
1729.3333333333333,1734.7083333333333
1734.7083333333333,1736.0
1736.0,1741.2083333333333
1741.2083333333333,1744.0833333333333
1744.0833333333333,1744.8333333333333
1744.8333333333333,1745.4583333333333
1745.4583333333333,1746.2083333333333
1746.2083333333333,1746.5
1746.5,1747.3333333333333
1747.3333333333333,1752.3333333333333
1752.3333333333333,1753.4583333333333
1753.4583333333333,1757.375
1757.375,1757.8333333333333
1757.8333333333333,1759.3333333333333
1759.3333333333333,1760.5833333333333
1760.5833333333333,1761.875
1761.875,1762.0
1762.0,1762.9583333333333
1762.9583333333333,1765.375
1765.375,1772.4583333333333
1772.4583333333333,1776.9583333333333
1776.9583333333333,1785.0833333333333
1785.0833333333333,1791.7083333333333
1791.7083333333333,1795.625
1795.625,1798.3333333333333
1798.3333333333333,1801.0
1801.0,1802.7083333333333
1802.7083333333333,1809.875
1809.875,1811.8333333333333
1811.8333333333333,1815.0
1815.0,1817.3333333333333
1817.3333333333333,1820.0833333333333
1820.0833333333333,1821.5
1821.5,1824.5
1824.5,1825.5833333333333
1825.5833333333333,1826.7083333333333
1826.7083333333333,1827.25
1827.25,1828.4583333333333
1828.4583333333333,1829.625
1829.625,1833.25
1833.25,1834.625
1834.625,1836.5833333333333
1836.625,1838.2083333333333
1838.2083333333333,1838.4583333333333
1838.4583333333333,1842.9583333333333
1842.9583333333333,1845.2083333333333
1845.2083333333333,1847.2083333333333
1847.2083333333333,1849.0833333333333
1849.0833333333333,1849.8333333333333
1849.8333333333333,1850.0833333333333
1850.0833333333333,1850.25
1850.25,1850.5833333333333
1850.5833333333333,1851.7083333333333
1851.7083333333333,1852.2083333333333
1852.25,1852.375
1852.375,1852.75
1852.75,1853.8333333333333
1853.8333333333333,1854.3333333333333
1854.375,1854.4583333333333
1854.4583333333333,1854.75
1854.75,1861.9583333333333
1861.9583333333333,1864.375
1864.375,1871.2083333333333
1871.2083333333333,1873.0
1873.0,1874.5833333333333
1874.5833333333333,1877.75
1877.75,1886.2083333333333
1886.2083333333333,1890.625
1890.625,1897.5833333333333
1897.5833333333333,1899.4583333333333
1899.4583333333333,1906.75
1906.75,1909.2083333333333
1909.2083333333333,1912.9583333333333
1912.9583333333333,1914.5833333333333
1914.5833333333333,1916.4583333333333
1916.4583333333333,1919.0833333333333
1919.0833333333333,1920.2083333333333
1920.2083333333333,1924.2083333333333
1924.2083333333333,1936.9583333333333
1936.9583333333333,1946.625
1946.625,1952.7083333333333
1952.7083333333333,1954.4583333333333
1954.4583333333333,1957.4583333333333
1957.4583333333333,1959.8333333333333
1959.8333333333333,1962.0833333333333
1962.0833333333333,1964.0
1964.0,1966.0833333333333
1966.0833333333333,1967.7083333333333
1967.7083333333333,1970.25
1970.25,1973.7083333333333
1973.7083333333333,1981.125
1981.125,1984.5
1984.5,1985.9583333333333
1985.9583333333333,1988.9583333333333
1988.9583333333333,1990.8333333333333
1990.8333333333333,2004.5
2004.5,2007.0833333333333
2007.0833333333333,2009.0833333333333
2009.0833333333333,2010.9583333333333
2010.9583333333333,2012.125
2012.125,2019.4166666666667
2019.4166666666667,2022.2083333333333
2022.2083333333333,2024.0833333333333
2024.0833333333333,2026.75
2026.75,2029.8333333333333
2029.8333333333333,2032.2083333333333
2032.2083333333333,2033.8333333333333
2033.8333333333333,2036.0833333333333
2036.0833333333333,2065.9583333333335
2065.9583333333335,2069.8333333333335
2069.8333333333335,2072.5
2072.5,2084.3333333333335
2084.3333333333335,2086.5
2086.5,2098.2083333333335
2098.2083333333335,2122.5833333333335
2122.5833333333335,2124.75
2124.75,2127.4583333333335
2127.4583333333335,2131.4583333333335
2131.4583333333335,2132.5833333333335
2132.5833333333335,2136.7083333333335
2136.7083333333335,2143.0
2143.0,2145.4583333333335
2145.4583333333335,2148.625
2148.625,2151.75
2151.75,2159.375
2159.375,2161.2083333333335
2161.2083333333335,2166.0833333333335
2166.0833333333335,2170.5833333333335
2170.5833333333335,2173.3333333333335
2173.3333333333335,2176.0833333333335
2176.0833333333335,2202.5833333333335
2202.5833333333335,2205.625
2205.625,2229.5833333333335
2229.5833333333335,2231.9583333333335
2231.9583333333335,2233.125
2233.125,2233.4583333333335
2233.4583333333335,2236.2083333333335
2236.2083333333335,2238.875
2238.875,2241.0
2241.0,2243.9583333333335
2243.9583333333335,2246.2083333333335
2246.2083333333335,2252.0
2252.0,2256.5833333333335
2256.5833333333335,2259.5
2259.5,2265.0833333333335
2265.0833333333335,2267.8333333333335
2267.8333333333335,2274.5833333333335
2274.5833333333335,2280.5833333333335
2280.5833333333335,2284.7083333333335
2284.7083333333335,2286.3333333333335
2286.3333333333335,2290.5
2290.5,2292.3333333333335
2292.3333333333335,2301.7083333333335
2301.7083333333335,2304.0833333333335
2304.0833333333335,2311.7083333333335
2311.7083333333335,2315.9583333333335
2315.9583333333335,2322.2916666666665
2322.2916666666665,2326.2916666666665
2326.2916666666665,2354.9583333333335
2354.9583333333335,2358.125
2358.125,2361.0833333333335
2361.0833333333335,2363.25
2363.25,2373.5833333333335
2373.5833333333335,2375.5833333333335
2375.5833333333335,2384.0833333333335
2384.0833333333335,2386.4583333333335
2386.4583333333335,2464.4583333333335
2464.4583333333335,2493.9583333333335
2493.9583333333335,2496.5833333333335
2496.5833333333335,2499.8333333333335
2499.8333333333335,2502.625
2502.625,2507.9583333333335
2507.9583333333335,2511.75
2511.75,2513.0
2513.0,2517.375
2517.375,2523.9583333333335
2523.9583333333335,2525.4583333333335
2525.4583333333335,2544.8333333333335
2544.8333333333335,2556.7083333333335
2556.7083333333335,2568.125
2568.125,2575.9583333333335
2575.9583333333335,2583.125
2583.125,2589.7083333333335
2589.7083333333335,2591.75
2591.75,2593.8333333333335
2593.8333333333335,2597.5833333333335
2597.5833333333335,2601.625
2601.625,2603.625
2603.625,2604.8333333333335
2604.8333333333335,2606.125
2606.125,2607.5
2607.5,2609.0833333333335
2609.0833333333335,2611.0833333333335
2611.0833333333335,2612.9583333333335
2612.9583333333335,2619.0833333333335
2619.0833333333335,2627.75
2627.75,2639.7083333333335
2639.7083333333335,2642.3333333333335
2642.3333333333335,2644.625
2644.625,2645.9583333333335
2645.9583333333335,2654.625
2654.625,2655.8333333333335
2655.8333333333335,2657.875
2657.875,2667.5833333333335
2667.5833333333335,2669.75
2669.75,2675.0833333333335
2675.0833333333335,2677.75
2677.75,2680.125
2680.125,2685.7083333333335
2685.7083333333335,2686.625
2686.625,2687.8333333333335
2687.8333333333335,2689.5833333333335
2689.5833333333335,2693.1666666666665
2693.1666666666665,2694.7083333333335
2694.7083333333335,2697.3333333333335
2697.3333333333335,2699.4583333333335
2699.4583333333335,2702.5833333333335
2702.5833333333335,2710.375
2710.375,2712.0833333333335
2712.0833333333335,2713.4583333333335
2713.4583333333335,2714.5
2714.5,2716.5833333333335
2716.5833333333335,2718.25
2718.25,2720.4583333333335
2720.4583333333335,2720.9583333333335
2720.9583333333335,2725.0833333333335
2725.0833333333335,2728.75
2728.75,2743.5833333333335
2743.5833333333335,2746.5
2746.5,2748.75
2748.75,2752.9583333333335
2752.9583333333335,2755.625
2755.625,2759.2083333333335
2759.2083333333335,2761.5833333333335
2761.5833333333335,2764.0833333333335
2764.0833333333335,2766.0833333333335
2766.0833333333335,2768.2083333333335
2768.2083333333335,2771.3333333333335
2771.3333333333335,2773.875
2773.875,2776.3333333333335
2776.3333333333335,2776.875
2776.875,2781.4583333333335
2781.4583333333335,2783.0833333333335
2783.0833333333335,2784.7083333333335
2784.7083333333335,2795.75
2795.75,2798.0833333333335
2798.0833333333335,2801.9583333333335
2801.9583333333335,2813.4583333333335
2813.4583333333335,2815.625
2815.625,2831.5
2831.5,2834.375
2834.375,2837.7083333333335
2837.7083333333335,2863.8333333333335
2863.8333333333335,2875.4583333333335
2875.4583333333335,2879.75
2879.75,2890.125
2890.125,2892.5833333333335
2892.5833333333335,2899.2083333333335
2899.2083333333335,2900.875
2900.875,2902.5833333333335
2902.5833333333335,2907.5833333333335
2907.5833333333335,2909.0
2909.0,2915.25
2915.25,2916.9583333333335
2916.9583333333335,2929.9583333333335
2929.9583333333335,2931.7083333333335
2931.7083333333335,2934.0833333333335
2934.0833333333335,2940.5833333333335
2940.5833333333335,2942.25
2942.25,2950.8333333333335
2950.8333333333335,2953.3333333333335
2953.3333333333335,2956.4583333333335
2956.4583333333335,2961.0833333333335
2961.0833333333335,2963.0833333333335
2963.0833333333335,2964.875
2964.875,2975.7083333333335
2975.7083333333335,2981.3333333333335
2981.3333333333335,2983.25
2983.25,2985.625
2985.625,3007.5
3007.5,3019.5
3019.5,3022.5
3022.5,3030.3333333333335
3030.3333333333335,3037.625
3037.625,3039.2083333333335
3039.2083333333335,3044.7083333333335
3044.7083333333335,3046.625
3046.625,3055.4583333333335
3055.4583333333335,3057.7083333333335
3057.7083333333335,3059.5833333333335
3059.5833333333335,3061.4583333333335
3061.4583333333335,3068.0833333333335
3068.0833333333335,3072.4583333333335
3072.4583333333335,3075.375
3075.375,3077.2083333333335
3077.2083333333335,3080.3333333333335
3080.3333333333335,3081.875
3081.875,3087.75
3087.75,3090.9583333333335
3090.9583333333335,3093.25
3093.25,3095.2083333333335
3095.2083333333335,3098.0833333333335
3098.0833333333335,3101.7083333333335
3101.7083333333335,3103.9583333333335
3103.9583333333335,3109.7083333333335
3109.7083333333335,3112.8333333333335
3112.8333333333335,3120.2083333333335
3120.2083333333335,3123.0833333333335
3123.0833333333335,3124.5833333333335
3124.5833333333335,3126.2083333333335
3126.2083333333335,3137.3333333333335
3137.3333333333335,3138.8333333333335
3138.8333333333335,3145.625
3145.625,3156.0
3156.0,3160.3333333333335
3160.3333333333335,3182.7083333333335
3182.7083333333335,3185.5
3185.5,3188.8333333333335
3188.8333333333335,3191.9583333333335
3191.9583333333335,3194.75
3194.75,3204.625
3204.625,3208.7083333333335
3208.7083333333335,3211.3333333333335
3211.3333333333335,3215.4583333333335
3215.4583333333335,3220.75
3220.75,3222.8333333333335
3222.8333333333335,3224.4583333333335
3224.4583333333335,3225.8333333333335
3225.8333333333335,3228.0833333333335
3228.0833333333335,3232.3333333333335
3232.3333333333335,3233.3333333333335
3233.3333333333335,3238.375
3238.375,3240.2083333333335
3240.2083333333335,3246.8333333333335
3246.8333333333335,3255.2083333333335
3255.2083333333335,3257.0833333333335
3257.0833333333335,3259.3333333333335
3259.3333333333335,3262.25
3262.25,3268.3333333333335
3268.3333333333335,3272.4583333333335
3272.4583333333335,3274.7083333333335
3274.7083333333335,3278.9583333333335
3278.9583333333335,3285.875
3285.875,3287.8333333333335
3287.8333333333335,3290.8333333333335
3290.8333333333335,3292.5
3292.5,3297.25
3297.25,3299.9583333333335
3299.9583333333335,3302.0833333333335
3302.0833333333335,3303.7083333333335
3303.7083333333335,3305.625
3305.625,3308.375
3308.375,3310.3333333333335
3310.3333333333335,3311.8333333333335
3311.8333333333335,3314.8333333333335
3314.8333333333335,3321.2083333333335
3321.2083333333335,3323.5416666666665
3323.5416666666665,3328.875
3328.875,3331.9583333333335
3331.9583333333335,3334.4583333333335
3334.4583333333335,3339.8333333333335
3339.8333333333335,3342.2083333333335
3342.2083333333335,3345.0
3345.0,3349.0833333333335
3349.0833333333335,3352.7083333333335
3352.7083333333335,3355.5833333333335
3355.5833333333335,3358.625
3358.625,3365.875
3365.875,3367.5833333333335
3367.5833333333335,3375.375
3375.375,3377.9583333333335
3377.9583333333335,3386.2083333333335
3386.2083333333335,3388.7083333333335
3388.7083333333335,3390.4583333333335
3390.4583333333335,3393.3333333333335
3393.3333333333335,3397.125
3397.125,3400.9583333333335
3400.9583333333335,3401.75
3401.75,3419.5
3419.5,3442.8333333333335
3442.8333333333335,3452.2083333333335
3452.2083333333335,3454.8333333333335
3454.8333333333335,3457.375
3457.375,3461.75
3461.75,3464.2083333333335
3464.2083333333335,3467.4583333333335
3467.4583333333335,3468.7083333333335
3468.7083333333335,3470.875
3470.875,3474.75
3474.75,3499.875
3499.875,3504.0833333333335
3504.0833333333335,3524.5833333333335
3524.5833333333335,3527.875
3527.875,3529.4583333333335
3529.4583333333335,3535.875
3535.875,3539.4583333333335
3539.4583333333335,3540.9583333333335
3540.9583333333335,3543.0
3543.0,3545.875
3545.875,3548.4583333333335
3548.4583333333335,3550.75
3550.75,3552.8333333333335
3552.8333333333335,3553.8333333333335
3553.8333333333335,3555.9583333333335
3555.9583333333335,3556.2083333333335
3556.2083333333335,3557.9583333333335
3557.9583333333335,3565.375
3565.375,3566.8333333333335
3566.8333333333335,3567.9583333333335
3567.9583333333335,3576.3333333333335
3576.3333333333335,3584.75
3584.75,3589.5833333333335
3589.5833333333335,3595.25
3595.25,3597.2083333333335
3597.2083333333335,3605.375
3605.375,3608.125
3608.125,3612.8333333333335
3612.8333333333335,3618.2083333333335
3618.2083333333335,3621.9583333333335
3621.9583333333335,3630.0833333333335
3630.0833333333335,3634.5833333333335
3634.5833333333335,3636.8333333333335
3636.8333333333335,3641.2083333333335
3641.2083333333335,3647.5833333333335
3647.5833333333335,3662.9583333333335
3662.9583333333335,3673.8333333333335
3673.8333333333335,3676.625
3676.625,3679.75
3679.75,3682.7083333333335
3682.7083333333335,3688.8333333333335
3688.8333333333335,3691.0833333333335
3691.0833333333335,3694.4583333333335
3694.4583333333335,3696.7083333333335
3696.7083333333335,3698.7083333333335
3698.7083333333335,3700.4583333333335
3700.4583333333335,3703.0833333333335
3703.0833333333335,3706.2083333333335
3706.2083333333335,3707.9583333333335
3707.9583333333335,3709.7083333333335
3709.7083333333335,3710.2083333333335
3710.2083333333335,3714.0833333333335
3714.0833333333335,3714.875
3714.875,3715.5833333333335
3715.5833333333335,3716.0
3716.0,3717.6666666666665
3717.6666666666665,3718.9583333333335
3718.9583333333335,3720.625
3720.625,3721.0833333333335
3721.0833333333335,3722.75
3722.75,3724.125
3724.125,3728.0833333333335
3728.0833333333335,3736.875
3736.875,3740.875
3740.875,3741.8333333333335
3741.8333333333335,3744.75
3744.75,3756.625
3756.625,3759.0833333333335
3759.0833333333335,3762.75
3762.75,3764.8333333333335
3764.8333333333335,3767.8333333333335
3767.8333333333335,3773.4583333333335
3773.4583333333335,3780.875
3780.875,3789.2083333333335
3789.2083333333335,3792.4583333333335
3792.4583333333335,3797.0833333333335
3797.0833333333335,3798.5
3798.5,3802.4583333333335
3802.4583333333335,3804.9583333333335
3804.9583333333335,3812.0833333333335
3812.0833333333335,3813.5833333333335
3813.5833333333335,3815.25
3815.25,3816.4583333333335
3816.4583333333335,3819.3333333333335
3819.3333333333335,3825.7083333333335
3825.7083333333335,3827.9583333333335
3827.9583333333335,3828.3333333333335
3828.3333333333335,3829.2083333333335
3829.2083333333335,3832.3333333333335
3832.3333333333335,3833.7083333333335
3833.7083333333335,3835.8333333333335
3835.8333333333335,3837.0833333333335
3837.0833333333335,3838.7083333333335
3838.7083333333335,3840.5833333333335
3840.5833333333335,3843.9583333333335
3843.9583333333335,3844.625
3844.625,3847.7083333333335
3847.7083333333335,3850.25
3850.25,3852.7083333333335
3852.7083333333335,3854.875
3854.875,3856.625
3856.625,3859.75
3859.75,3863.8333333333335
3863.8333333333335,3865.375
3865.375,3866.75
3866.75,3867.2083333333335
3867.2083333333335,3874.3333333333335
3874.3333333333335,3875.4583333333335
3875.4583333333335,3877.25
3877.25,3881.4583333333335
3881.4583333333335,3882.4583333333335
3882.4583333333335,3885.5
3885.5,3886.9583333333335
3886.9583333333335,3889.2083333333335
3889.2083333333335,3891.5
3891.5,3893.0
3893.0,3895.9583333333335
3895.9583333333335,3897.5833333333335
3897.5833333333335,3898.5833333333335
3898.5833333333335,3900.0833333333335
3900.0833333333335,3904.3333333333335
3904.3333333333335,3906.3333333333335
3906.3333333333335,3908.5
3908.5,3909.2083333333335
3909.2083333333335,3909.9583333333335
3909.9583333333335,3910.875
3910.875,3911.375
3911.375,3912.0
3912.0,3912.75
3912.75,3921.5
3921.5,3925.8333333333335
3925.8333333333335,3926.375
3926.375,3928.3333333333335
3928.3333333333335,3930.8333333333335
3930.8333333333335,3932.0833333333335
3932.0833333333335,3935.9583333333335
3935.9583333333335,3941.3333333333335
3941.3333333333335,3944.0
3944.0,3964.5833333333335
3964.5833333333335,3967.9583333333335
3967.9583333333335,3971.0833333333335
3971.0833333333335,3972.5833333333335
3972.5833333333335,3975.3333333333335
3975.3333333333335,3976.75
3976.75,3980.3333333333335
3980.3333333333335,3983.0833333333335
3983.0833333333335,3990.9583333333335
3990.9583333333335,4000.0
4000.0,4004.0833333333335
4004.0833333333335,4011.25
4011.25,4015.9583333333335
4015.9583333333335,4019.2083333333335
4019.2083333333335,4029.2083333333335
4029.2083333333335,4030.9583333333335
4030.9583333333335,4032.3333333333335
4032.3333333333335,4034.75
4034.75,4041.7083333333335
4041.7083333333335,4042.5
4042.5,4043.75
4043.75,4045.3333333333335
4045.3333333333335,4048.0833333333335
4048.0833333333335,4050.75
4050.75,4055.5833333333335
4055.5833333333335,4056.9583333333335
4056.9583333333335,4058.4583333333335
4058.4583333333335,4064.3333333333335
4064.3333333333335,4065.7083333333335
4065.7083333333335,4071.8333333333335
4071.8333333333335,4074.875
4074.875,4078.4583333333335
4078.4583333333335,4082.0833333333335
4082.0833333333335,4086.3333333333335
4086.3333333333335,4092.2083333333335
4092.2083333333335,4099.75
4099.75,4102.458333333333
4102.458333333333,4107.458333333333
4107.458333333333,4109.458333333333
4109.458333333333,4112.833333333333
4112.833333333333,4121.583333333333
4121.583333333333,4123.583333333333
4123.583333333333,4127.875
4127.875,4129.458333333333
4129.458333333333,4132.583333333333
4132.583333333333,4139.75
4139.75,4142.625
4142.625,4149.125
4149.125,4156.5
4156.5,4168.208333333333
4168.208333333333,4169.375
4169.375,4197.708333333333
4197.708333333333,4200.458333333333
4200.458333333333,4219.875
4219.875,4221.708333333333
4221.708333333333,4229.458333333333
4229.458333333333,4230.583333333333
4230.583333333333,4236.75
4236.75,4241.375
4241.375,4246.333333333333
4246.333333333333,4249.708333333333
4249.708333333333,4255.458333333333
4255.458333333333,4260.333333333333
4260.333333333333,4264.458333333333
4264.458333333333,4271.083333333333
4271.083333333333,4272.333333333333
4272.333333333333,4273.125
4273.125,4275.708333333333
4275.708333333333,4276.875
4276.875,4278.0
4278.0,4281.208333333333
4281.208333333333,4282.25
4282.25,4286.875
4286.875,4289.625
4289.625,4295.5
4295.5,4297.0
4297.0,4304.25
4304.25,4306.583333333333
4306.583333333333,4315.708333333333
4315.708333333333,4317.708333333333
4317.708333333333,4319.0
4319.0,4319.208333333333
4319.25,4320.375
4320.375,4320.458333333333
4320.458333333333,4321.458333333333
4321.458333333333,4322.458333333333
4322.458333333333,4324.083333333333
4324.083333333333,4326.333333333333
4326.333333333333,4326.75
4326.75,4327.083333333333
4327.083333333333,4329.708333333333
4329.708333333333,4331.333333333333
4331.333333333333,4331.958333333333
4331.958333333333,4333.875
4333.875,4334.333333333333
4334.333333333333,4335.208333333333
4335.208333333333,4335.583333333333
4335.583333333333,4336.083333333333
4336.083333333333,4337.75
4337.75,4338.875
4338.875,4339.333333333333
4339.333333333333,4339.875
4339.875,4340.875
4340.875,4341.875
4341.875,4346.083333333333
4346.083333333333,4346.75
4346.75,4348.083333333333
4348.083333333333,4348.458333333333
4348.458333333333,4348.833333333333
4348.833333333333,4350.875
4350.875,4352.708333333333
4352.708333333333,4354.083333333333
4354.125,4357.958333333333
4357.958333333333,4359.208333333333
4359.208333333333,4362.583333333333
4362.583333333333,4364.75
4364.75,4366.958333333333
4366.958333333333,4369.75
4369.75,4371.333333333333
4371.333333333333,4376.0
4376.0,4377.208333333333
4377.208333333333,4378.333333333333
4378.333333333333,4379.208333333333
4379.208333333333,4380.125
4380.125,4380.875
4380.875,4380.958333333333
4380.958333333333,4381.5
4381.5,4382.125
4382.125,4383.833333333333
4383.833333333333,4388.625
4388.625,4390.583333333333
4390.583333333333,4391.333333333333
4391.333333333333,4392.333333333333
4392.333333333333,4394.0
4394.0,4395.5
4395.5,4396.625
4396.625,4397.208333333333
4397.208333333333,4397.958333333333
4397.958333333333,4400.5
4400.5,4402.75
4402.75,4408.208333333333
4408.208333333333,4409.708333333333
4409.708333333333,4412.208333333333
4412.208333333333,4413.333333333333
4413.333333333333,4414.958333333333
4414.958333333333,4416.708333333333
4416.708333333333,4422.125
4422.125,4426.333333333333
4426.333333333333,4436.25
4436.25,4440.708333333333
4440.708333333333,4445.583333333333
4445.583333333333,4451.208333333333
4451.208333333333,4456.583333333333
4456.583333333333,4460.208333333333
4460.208333333333,4470.083333333333
4470.083333333333,4472.583333333333
4472.583333333333,4477.333333333333
4477.333333333333,4481.958333333333
4481.958333333333,4488.75
4488.75,4492.833333333333
4492.833333333333,4496.875
4496.875,4499.833333333333
4499.833333333333,4502.833333333333
4502.833333333333,4508.875
4508.875,4512.0
4512.0,4513.5
4513.5,4515.958333333333
4515.958333333333,4521.333333333333
4521.333333333333,4525.208333333333
4525.208333333333,4528.833333333333
4528.833333333333,4532.5
4532.5,4533.625
4533.625,4535.083333333333
4535.083333333333,4539.25
4539.25,4550.625
4550.625,4552.458333333333
4552.458333333333,4553.583333333333
4553.583333333333,4559.125
4559.125,4561.875
4561.875,4566.875
4566.875,4568.583333333333
4568.583333333333,4610.208333333333
4610.208333333333,4612.583333333333
4612.583333333333,4618.375
4618.375,4625.083333333333
4625.083333333333,4631.583333333333
4631.583333333333,4645.708333333333
4645.708333333333,4653.333333333333
4653.333333333333,4655.458333333333
4655.458333333333,4657.875
4657.875,4659.708333333333
4659.708333333333,4666.375
4666.375,4668.875
4668.875,4670.208333333333
4670.208333333333,4671.458333333333
4671.458333333333,4674.125
4674.125,4676.0
4676.0,4678.125
4678.125,4679.958333333333
4679.958333333333,4681.833333333333
4681.833333333333,4691.958333333333
4691.958333333333,4694.75
4694.75,4697.875
4697.875,4701.208333333333
4701.208333333333,4703.375
4703.375,4708.208333333333
4708.208333333333,4722.125
4722.125,4723.083333333333
4723.083333333333,4735.083333333333
4735.083333333333,4741.083333333333
4741.083333333333,4742.083333333333
4742.083333333333,4744.333333333333
4744.333333333333,4746.0
4746.0,4747.375
4747.375,4747.958333333333
4747.958333333333,4748.75
4748.75,4752.458333333333
4752.458333333333,4755.375
4755.375,4760.458333333333
4760.458333333333,4761.708333333333
4761.708333333333,4763.333333333333
4763.333333333333,4769.875
4769.875,4774.958333333333
4774.958333333333,4777.75
4777.75,4779.958333333333
4779.958333333333,4782.708333333333
4782.708333333333,4795.083333333333
4795.083333333333,4798.333333333333
4798.333333333333,4808.833333333333
4808.833333333333,4809.75
4809.75,4810.625
4810.625,4811.458333333333
4811.458333333333,4813.875
4813.875,4815.333333333333
4815.333333333333,4817.208333333333
4817.208333333333,4820.5
4820.5,4822.125
4822.125,4827.0
4827.0,4833.208333333333
4833.208333333333,4834.375
4834.375,4835.375
4835.375,4836.583333333333
4836.583333333333,4837.708333333333
4837.708333333333,4841.583333333333
4841.583333333333,4843.083333333333
4843.083333333333,4847.583333333333
4847.583333333333,4850.375
4850.375,4857.458333333333
4857.458333333333,4865.75
4865.75,4867.625
4867.625,4870.458333333333
4870.458333333333,4871.583333333333
4871.583333333333,4873.333333333333
4873.333333333333,4876.5
4876.5,4878.958333333333
4878.958333333333,4884.208333333333
4884.208333333333,4885.708333333333
4885.708333333333,4886.333333333333
4886.333333333333,4886.875
4886.875,4887.583333333333
4887.583333333333,4887.875
4887.875,4887.958333333333
4887.958333333333,4890.0
4890.0,4895.833333333333
4895.833333333333,4902.958333333333
4902.958333333333,4912.458333333333
4912.458333333333,4917.208333333333
4917.208333333333,4931.708333333333
4931.708333333333,4933.0
4933.0,4934.5
4934.5,4935.708333333333
4935.708333333333,4948.083333333333
4948.083333333333,4950.458333333333
4950.458333333333,4952.875
4952.875,4955.833333333333
4955.833333333333,4958.958333333333
4958.958333333333,4970.708333333333
4970.708333333333,4972.958333333333
4972.958333333333,4984.875
4984.875,4988.333333333333
4988.333333333333,4994.083333333333
4994.083333333333,4996.833333333333
4996.833333333333,4997.583333333333
4997.583333333333,4999.583333333333
4999.583333333333,5012.0
5012.0,5016.458333333333
5016.458333333333,5019.083333333333
5019.083333333333,5025.958333333333
5025.958333333333,5028.583333333333
5028.583333333333,5033.583333333333
5033.583333333333,5046.708333333333
5046.708333333333,5049.083333333333
5049.083333333333,5049.958333333333
5049.958333333333,5053.583333333333
5053.583333333333,5054.958333333333
5054.958333333333,5056.333333333333
5056.333333333333,5057.708333333333
5057.708333333333,5059.416666666667
5059.416666666667,5061.208333333333
5061.208333333333,5062.458333333333
5062.458333333333,5063.458333333333
5063.458333333333,5065.833333333333
5065.833333333333,5068.458333333333
5068.458333333333,5072.875
5072.875,5074.458333333333
5074.458333333333,5076.083333333333
5076.083333333333,5077.083333333333
5077.083333333333,5081.0
5081.0,5082.583333333333
5082.583333333333,5087.083333333333
5087.083333333333,5091.458333333333
5091.458333333333,5097.833333333333
5097.833333333333,5105.25
5105.25,5108.125
5108.125,5110.25
5110.25,5113.25
5113.25,5116.0
5116.0,5118.208333333333
5118.208333333333,5119.708333333333
5119.708333333333,5120.958333333333
5120.958333333333,5121.458333333333
5121.458333333333,5123.375
5123.375,5128.583333333333
5128.583333333333,5131.75
5131.75,5134.083333333333
5134.083333333333,5138.958333333333
5138.958333333333,5141.25
5141.25,5145.333333333333
5145.333333333333,5147.25
5147.25,5151.083333333333
5151.083333333333,5154.958333333333
5154.958333333333,5158.833333333333
5158.833333333333,5158.958333333333
5158.958333333333,5160.083333333333
5160.083333333333,5162.458333333333
5162.458333333333,5164.958333333333
5164.958333333333,5166.958333333333
5166.958333333333,5169.208333333333
5169.208333333333,5170.083333333333
5170.083333333333,5171.375
5171.375,5173.083333333333
5173.083333333333,5175.833333333333
5175.833333333333,5179.5
5179.5,5183.583333333333
5183.583333333333,5187.958333333333
5187.958333333333,5189.583333333333
5189.583333333333,5191.833333333333
5191.833333333333,5194.333333333333
5194.333333333333,5196.25
5196.25,5198.458333333333
5198.458333333333,5199.708333333333
5199.708333333333,5201.0
5201.0,5203.5
5203.5,5205.375
5205.375,5206.375
5206.375,5207.333333333333
5207.333333333333,5208.958333333333
5208.958333333333,5211.125
5211.125,5212.458333333333
5212.458333333333,5213.333333333333
5213.333333333333,5214.958333333333
5214.958333333333,5217.333333333333
5217.333333333333,5221.333333333333
5221.333333333333,5221.75
5221.75,5224.458333333333
5224.458333333333,5230.083333333333
5230.083333333333,5233.333333333333
5233.333333333333,5234.833333333333
5234.833333333333,5237.458333333333
5237.458333333333,5241.0
5241.0,5241.708333333333
5241.708333333333,5242.333333333333
5242.333333333333,5243.958333333333
5243.958333333333,5245.75
5245.75,5247.625
5247.625,5249.0
5249.0,5249.375
5249.375,5249.458333333333
5249.458333333333,5251.875
5251.875,5252.708333333333
5252.708333333333,5253.75
5253.75,5255.083333333333
5255.083333333333,5260.458333333333
5260.458333333333,5261.333333333333
5261.333333333333,5262.75
5262.75,5265.333333333333
5265.333333333333,5266.833333333333
5266.833333333333,5269.708333333333
5269.708333333333,5271.083333333333
5271.083333333333,5276.625
5276.625,5278.75
5278.75,5280.583333333333
5280.583333333333,5281.833333333333
5281.833333333333,5283.0
5283.0,5285.708333333333
5285.708333333333,5288.125
5288.125,5290.458333333333
5290.458333333333,5294.583333333333
5294.583333333333,5296.208333333333
5296.208333333333,5299.708333333333
5299.708333333333,5303.208333333333
5303.208333333333,5306.083333333333
5306.083333333333,5319.875
5319.875,5321.0
5321.0,5322.583333333333
5322.583333333333,5323.25
5323.25,5324.958333333333
5324.958333333333,5326.875
5326.875,5329.333333333333
5329.333333333333,5330.375
5330.375,5331.5
5331.5,5335.208333333333
5335.208333333333,5336.625
5336.625,5337.875
5337.875,5340.208333333333
5340.208333333333,5342.708333333333
5342.708333333333,5344.0
5344.0,5347.375
5347.375,5352.333333333333
5352.333333333333,5355.458333333333
5355.458333333333,5362.875
5362.875,5366.083333333333
5366.083333333333,5375.583333333333
5375.583333333333,5375.708333333333
5375.708333333333,5378.125
5378.125,5381.708333333333
5381.708333333333,5383.958333333333
5383.958333333333,5394.583333333333
5394.583333333333,5397.333333333333
5397.333333333333,5405.583333333333
5405.583333333333,5408.083333333333
5408.083333333333,5410.583333333333
5410.583333333333,5414.0
5414.0,5415.375
5415.375,5417.625
5417.625,5418.375
5418.375,5419.458333333333
5419.458333333333,5419.958333333333
5419.958333333333,5420.458333333333
5420.458333333333,5420.833333333333
5420.833333333333,5422.0
5422.0,5422.083333333333
5422.125,5422.458333333333
5422.458333333333,5423.125
5423.125,5423.5
5423.5,5423.708333333333
5423.708333333333,5426.625
5426.625,5427.25
5427.25,5429.875
5429.875,5432.083333333333
5432.083333333333,5433.875
5433.875,5447.625
5447.625,5449.125
5449.125,5455.208333333333
5455.208333333333,5456.458333333333
5456.458333333333,5458.208333333333
5458.208333333333,5461.75
5461.75,5464.833333333333
5464.833333333333,5467.583333333333
5467.583333333333,5469.458333333333
5469.458333333333,5472.708333333333
5472.708333333333,5475.125
5475.125,5478.208333333333
5478.208333333333,5480.333333333333
5480.333333333333,5484.708333333333
5484.708333333333,5485.958333333333
5485.958333333333,5486.958333333333
5486.958333333333,5487.708333333333
5487.708333333333,5490.708333333333
5490.708333333333,5491.458333333333
5491.458333333333,5493.75
5493.75,5499.25
5499.25,5502.083333333333
5502.083333333333,5505.583333333333
5505.583333333333,5507.208333333333
5507.208333333333,5510.375
5510.375,5511.583333333333
5511.583333333333,5512.625
5512.625,5517.333333333333
5517.333333333333,5521.458333333333
5521.458333333333,5526.708333333333
5526.708333333333,5530.708333333333
5530.708333333333,5533.708333333333
5533.708333333333,5540.458333333333
5540.458333333333,5549.958333333333
5549.958333333333,5554.208333333333
5554.208333333333,5556.583333333333
5556.583333333333,5561.083333333333
5561.083333333333,5570.625
5570.625,5573.625
5573.625,5574.375
5574.375,5575.208333333333
5575.208333333333,5576.0
5576.0,5576.083333333333
5576.083333333333,5576.208333333333
5576.208333333333,5576.583333333333
5576.583333333333,5579.083333333333
5579.083333333333,5582.875
5582.875,5585.208333333333
5585.208333333333,5589.75
5589.75,5591.875
5591.875,5597.833333333333
5597.833333333333,5600.833333333333
5600.833333333333,5605.333333333333
5605.333333333333,5606.958333333333
5606.958333333333,5609.583333333333
5609.583333333333,5616.875
5616.875,5623.0
5623.0,5636.208333333333
5636.208333333333,5652.125
5652.125,5655.0
5655.0,5657.25
5657.25,5660.583333333333
5660.583333333333,5737.625
5737.625,5747.583333333333
